{
  "model": "GradientBoosting",
  "r2": 0.5375539396600234,
  "rmse": 10.482194273234931,
  "mae": 2.224784673154944
}