{
  "model": "MLR",
  "r2": 0.7695494829399401,
  "rmse": 5.223586699852283,
  "mae": 1.8243541884553394
}