model,slope_actual,pval_actual,slope_pred,pval_pred,slope_bias,pval_bias,n_obs
MLR,0.07640109436351633,0.02019389519101124,0.03427951726154232,0.22091659037141978,-0.04212157710197403,0.00920616602144358,296
