model,n_obs,slope_actual_per_year,pval_actual,slope_pred_per_year,pval_pred,slope_bias_per_year,pval_bias
GradientBoosting,296,0.07235504459615383,0.0014117707169614344,0.03976480998034381,0.01378776180965745,-0.03259023461581002,0.009973434764894663
LSTM,284,0.08253527620652173,0.000628507726993595,0.008172220307971042,0.10642051040580655,-0.07436305589855069,0.0020675866967144385
Lasso,296,0.07235504459615383,0.0014117707169614344,0.00720801075139257,0.35576635156025194,-0.06514703384476127,0.004337186140414621
MLR,296,0.07235504459615383,0.0014117707169614344,0.029033477254826447,0.04953714553306463,-0.04332156734132739,0.0170926492355456
RandomForest,296,0.07235504459615383,0.0014117707169614344,0.03623452011608968,0.008548216299778578,-0.03612052448006416,0.01146554217344731
Ridge,296,0.07235504459615383,0.0014117707169614344,0.027917014991998612,0.018824439838437495,-0.044438029604155216,0.009545339047402778
