{
  "model": "Lasso",
  "r2": 0.6328773489878189,
  "rmse": 8.32151310184282,
  "mae": 2.1116812694034732
}