{
  "model": "RandomForest",
  "r2": 0.5814681854651523,
  "rmse": 9.486796765569839,
  "mae": 2.1859596378899995
}