model,slope_actual,pval_actual,slope_pred,pval_pred,slope_bias,pval_bias,n_obs
RandomForest,0.07640109436351633,0.02019389519101124,0.03846965357181169,0.15919633914903344,-0.03793144079170465,0.003133022874606226,296
