{
  "model": "Ridge",
  "r2": 0.779322883478496,
  "rmse": 5.002054521418402,
  "mae": 1.710143982613775
}